{"_type":"export","__export_format":4,"__export_date":"2020-11-09T21:51:20.145Z","__export_source":"insomnia.desktop.app:v2020.4.2","resources":[{"_id":"req_0cd8236c0ce64dcd84a9ceb85c94da9e","parentId":"wrk_cf8b011ff4ff405cb75e8d040b03a877","modified":1604956167326,"created":1604954917709,"url":"http://localhost:7071/api/products","name":"GetProducts","description":"","method":"GET","body":{},"parameters":[],"headers":[],"authentication":{},"metaSortKey":-1604956123352,"isPrivate":false,"settingStoreCookies":true,"settingSendCookies":true,"settingDisableRenderRequestBody":false,"settingEncodeUrl":true,"settingRebuildPath":true,"settingFollowRedirects":"global","_type":"request"},{"_id":"wrk_cf8b011ff4ff405cb75e8d040b03a877","parentId":null,"modified":1604954901892,"created":1604954901892,"name":"azure-serveless-api","description":"","scope":null,"_type":"workspace"},{"_id":"req_c78f02345445472e901f587536bc1561","parentId":"wrk_cf8b011ff4ff405cb75e8d040b03a877","modified":1604957287924,"created":1604956123302,"url":"http://localhost:7071/api/products/5fa9b1ed02d5ba2344e5272e","name":"GetProductById","description":"","method":"GET","body":{},"parameters":[],"headers":[],"authentication":{},"metaSortKey":-1604956123302,"isPrivate":false,"settingStoreCookies":true,"settingSendCookies":true,"settingDisableRenderRequestBody":false,"settingEncodeUrl":true,"settingRebuildPath":true,"settingFollowRedirects":"global","_type":"request"},{"_id":"req_d63fc4a99f344b599034e8bed8cc4e2f","parentId":"wrk_cf8b011ff4ff405cb75e8d040b03a877","modified":1604957239496,"created":1604956540260,"url":"http://localhost:7071/api/products","name":"CreateProduct","description":"","method":"POST","body":{"mimeType":"application/json","text":"{\n  \"name\": \"DIO 20201109\",\n  \"type\": \"utilities\",\n  \"price\": 30,\n  \"stock\": 431,\n  \"meta\": {\n    \"color\": \"Branca\",\n    \"body_type\": \"aula\"\n  }\n}"},"parameters":[],"headers":[{"name":"Content-Type","value":"application/json","id":"pair_4a8ee57e0780490f8b74ac175761d3cf"}],"authentication":{},"metaSortKey":-1604956123252,"isPrivate":false,"settingStoreCookies":true,"settingSendCookies":true,"settingDisableRenderRequestBody":false,"settingEncodeUrl":true,"settingRebuildPath":true,"settingFollowRedirects":"global","_type":"request"},{"_id":"req_c9f1ba9c7bfb4adabecfce4a14c0c13f","parentId":"wrk_cf8b011ff4ff405cb75e8d040b03a877","modified":1604957456314,"created":1604957234463,"url":"http://localhost:7071/api/products/5fa9b1ed02d5ba2344e5272e","name":"UpdateProduct","description":"","method":"PUT","body":{"mimeType":"application/json","text":"{\n  \"name\": \"DIO 20201109\",\n  \"type\": \"aula\",\n  \"price\": 30,\n  \"stock\": 431,\n  \"meta\": {\n    \"color\": \"Branca\",\n    \"body_type\": \"aula update\"\n  }\n}"},"parameters":[],"headers":[{"name":"Content-Type","value":"application/json","id":"pair_cd3d999bfd604850b8f97c8da39eed53"}],"authentication":{},"metaSortKey":-1604956123202,"isPrivate":false,"settingStoreCookies":true,"settingSendCookies":true,"settingDisableRenderRequestBody":false,"settingEncodeUrl":true,"settingRebuildPath":true,"settingFollowRedirects":"global","_type":"request"},{"_id":"req_645ec8a53b7346eea72d73bac56ef87e","parentId":"wrk_cf8b011ff4ff405cb75e8d040b03a877","modified":1604957957116,"created":1604957891236,"url":"http://localhost:7071/api/products/5fa9b1ed02d5ba2344e5272e","name":"DeleteProduct","description":"","method":"DELETE","body":{},"parameters":[],"headers":[],"authentication":{},"metaSortKey":-1604956123152,"isPrivate":false,"settingStoreCookies":true,"settingSendCookies":true,"settingDisableRenderRequestBody":false,"settingEncodeUrl":true,"settingRebuildPath":true,"settingFollowRedirects":"global","_type":"request"},{"_id":"env_5b09166925018d482fc5900b6e4b26b464caaff9","parentId":"wrk_cf8b011ff4ff405cb75e8d040b03a877","modified":1604954902176,"created":1604954902176,"name":"Base Environment","data":{},"dataPropertyOrder":null,"color":null,"isPrivate":false,"metaSortKey":1604954902176,"_type":"environment"},{"_id":"jar_5b09166925018d482fc5900b6e4b26b464caaff9","parentId":"wrk_cf8b011ff4ff405cb75e8d040b03a877","modified":1604954902180,"created":1604954902180,"name":"Default Jar","cookies":[],"_type":"cookie_jar"},{"_id":"spc_f8952fc697354b788a40385731d94b56","parentId":"wrk_cf8b011ff4ff405cb75e8d040b03a877","modified":1604954901905,"created":1604954901905,"fileName":"azure-serveless-api","contents":"","contentType":"yaml","_type":"api_spec"}]}